Name,Program,Year,Interest
John Snow,MPID,5,Freelance plumbing
Jonas Salk,MPID,2,Polio vaccination and nobel prize parties
Florence Nightengale,MPID,1,Crimean Cuisine
Minty Wu, Kinesiology, 2,Walking and not falling
Zahraa Talib,MPID,1,mechanisms of disease and immunology
Shelby Alwine, MPID, 1, horses and books
Soohyeon Lim,MPID,1,Cooking
Christine Haake,MPID,1,Veterinary Pathologist and HSV-1 entry
Hazel Guerrero, MPID,1,anything related to the impending doom of mortality-the arts basically
